{
  "pt_to_ta": {
    "bleu": 0.13557783105821367,
    "chrf1": 12.718523557392688,
    "chrf3": 14.132561301001958,
    "bleu_details": {
      "precisions": [
        8.219178082191782,
        0.30728709394205445,
        0.014148273910582909,
        0.009455370650529501
      ],
      "brevity_penalty": 1.0,
      "length_ratio": 1.2480017761989344
    }
  },
  "ta_to_pt": {
    "bleu": 0.4837577488883102,
    "chrf1": 13.488629818712164,
    "chrf3": 12.541793494473852,
    "bleu_details": {
      "precisions": [
        13.343677269200931,
        1.3011152416356877,
        0.1812004530011325,
        0.02807411566535654
      ],
      "brevity_penalty": 0.887388446807466,
      "length_ratio": 0.8932778932778933
    }
  }
}