{
  "pt_to_ta": {
    "bleu": 3.055901300474868,
    "chrf1": 19.897687156811823,
    "chrf3": 18.970163076030996,
    "bleu_details": {
      "precisions": [
        27.566938300349243,
        6.687306501547988,
        1.6666666666666667,
        0.3448275862068966
      ],
      "brevity_penalty": 0.952503750941209,
      "length_ratio": 0.9535968028419183
    }
  },
  "ta_to_pt": {
    "bleu": 7.585227893131794,
    "chrf1": 24.041231398833336,
    "chrf3": 23.20917781565461,
    "bleu_details": {
      "precisions": [
        27.86593707250342,
        10.376301040832667,
        4.754601226993865,
        2.407932011331445
      ],
      "brevity_penalty": 1.0,
      "length_ratio": 1.0131670131670132
    }
  }
}